﻿<?xml version="1.0" encoding="utf-8"?>
<deployment>
  <id>temp-8b7061b5</id>
  <author>Deploying from pushed zip file</author>
  <deployer>ms-azuretools-vscode</deployer>
  <authorEmail>N/A</authorEmail>
  <message>N/A</message>
  <progress></progress>
  <status>Failed</status>
  <statusText>Deployment has been stopped due to SCM container restart. The restart can happen due to a management operation on site. Do not perform a management operation and a deployment operation in quick succession. Adding a small delay can help avoid any conflicts.</statusText>
  <lastSuccessEndTime />
  <receivedTime>2025-11-17T17:07:29.8851213Z</receivedTime>
  <startTime>2025-11-17T17:07:29.8851213Z</startTime>
  <endTime>2025-11-17T17:24:12.0144745Z</endTime>
  <complete>True</complete>
  <is_temp>True</is_temp>
  <is_readonly>False</is_readonly>
  <buildSummary />
</deployment>