<step title="Incoming Request" date="2025-11-17T16:44:55.763" instance="761a09" url="/api/zipdeploy?author=ms-azuretools-vscode&amp;deployer=ms-azuretools-vscode&amp;isAsync=true&amp;trackDeploymentId=true" method="POST" type="request" pid="772,1,23" Host="stockspace-api-01-hgf2e5hxemcwckef.scm.japaneast-01.azurewebsites.net" User-Agent="vscode-azureappservice/0.26.4 core-rest-pipeline/1.20.0 Node/22.20.0 OS/(x64-Windows_NT-10.0.26200)" Accept-Encoding="gzip,deflate" Accept-Language="en" Authorization="Bea..." Transfer-Encoding="chunked" x-ms-correlation-request-id="371bc9a9-33ab-4fb6-8a62-e8742bde3d54" x-ms-client-request-id="073746fe-758c-4705-94dc-651141ef11ca" X-ARR-LOG-ID="073746fe-758c-4705-94dc-651141ef11ca" CLIENT-IP="133.106.44.238:34878" X-SITE-DEPLOYMENT-ID="stockspace-api-01" WAS-DEFAULT-HOSTNAME="stockspace-api-01-hgf2e5hxemcwckef.scm.japaneast-01.azurewebsites.net" X-Forwarded-Proto="https" X-AppService-Proto="https" X-Forwarded-TlsVersion="1.3" X-WAWS-Unencoded-URL="/api/zipdeploy?author=ms-azuretools-vscode&amp;deployer=ms-azuretools-vscode&amp;isAsync=true&amp;trackDeploymentId=true" X-Client-IP="133.106.44.238" X-Client-Port="34878" >
  <step title="Cleanup Xml Logs" date="2025-11-17T16:44:55.765" /><!-- duration: 4ms -->
  <step title="ZipPushDeploy" date="2025-11-17T16:44:55.814" >
    <step title="ZipDeploy. Extract zip. Remote build." date="2025-11-17T16:44:55.819" /><!-- duration: 2ms -->
    <step title="None repository commit" date="2025-11-17T16:44:55.829" >
      <step title="Commit id: 54852bb6-b006-49e8-94a9-3454a3e17d50" date="2025-11-17T16:44:55.831" Message="N/A" AuthorName="N/A" AuthorEmail="N/A" /><!-- duration: 2ms -->
    </step><!-- duration: 6ms -->
    <step title="Starting PushDeployAsync" date="2025-11-17T16:44:55.836" /><!-- duration: 2ms -->
    <step title="Writing artifact to /tmp/zipdeploy/57bb252c-51fc-4837-930f-ac615822fefc.zip" date="2025-11-17T16:44:55.874" >
      <step title="Writing multipart request body to /tmp/zipdeploy/57bb252c-51fc-4837-930f-ac615822fefc.zip" date="2025-11-17T16:44:55.879" /><!-- duration: 8ms -->
    </step><!-- duration: 1353217ms -->
    <step title="Start deployment in the background" date="2025-11-17T17:07:29.272" >
      <step title="Acquiring Deployment Lock" date="2025-11-17T17:07:29.564" /><!-- duration: 2ms -->
      <step title="Acquired Deployment Lock" date="2025-11-17T17:07:29.786" /><!-- duration: 8ms -->
    </step><!-- duration: 700ms -->
  </step><!-- duration: 1354173ms -->
  <step title="Outgoing response" date="2025-11-17T17:07:30.007" type="response" statusCode="202" statusText="Accepted" /><!-- duration: 2ms -->
</step><!-- duration: 1354247ms -->
