<step title="Incoming Request" date="2025-11-17T11:47:06.197" instance="761a09" url="/api/publish?async=true&amp;deployer=GITHUB_ONE_DEPLOY&amp;type=zip&amp;message=%7B%22type%22%3A%22deployment%22%2C%22sha%22%3A%22fe83cb704a291cf4cebe2a2a08ceb2bcb437d43c%22%2C%22repoName%22%3A%22aukendukc%2Fstockspace%22%2C%22actor%22%3A%22aukendukc%22%2C%22slotName%22%3A%22Production%22%2C%22commitMessage%22%3A%22Add%20or%20update%20the%20Azure%20App%20Service%20build%20and%20deployment%20workflow%20config%22%7D" method="POST" type="request" pid="768,1,15" Host="stockspace-api-01-hgf2e5hxemcwckef.scm.japaneast-01.azurewebsites.net" User-Agent="GITHUBACTIONS_DeployWebAppToAzure_518753f37abaddcfd011e3f84bb3993985e5ad5c29beb108cc3d44efad265738" Authorization="Bea..." Content-Type="application/octet-stream" Cookie="ARRAffinity=761a092c6cbeec305dbcc6c6e744b006c4d173d9d935c8e17cb6b4c751c4957e;Path=/;HttpOnly;Secure;Domain=stockspace-api-01-hgf2e5hxemcwckef.scm.japaneast-01.azurewebsites.net; ARRAffinitySameSite=761a092c6cbeec305dbcc6c6e744b006c4d173d9d935c8e17cb6b4c751c4957e;Path=/;HttpOnly;SameSite=None;Secure;Domain=stockspace-api-01-hgf2e5hxemcwckef.scm.japaneast-01.azurewebsites.net" Transfer-Encoding="chunked" X-ARR-LOG-ID="92918a3a-1cfd-4d1c-a784-30e63def893e" CLIENT-IP="64.236.142.225:20488" X-SITE-DEPLOYMENT-ID="stockspace-api-01" WAS-DEFAULT-HOSTNAME="stockspace-api-01-hgf2e5hxemcwckef.scm.japaneast-01.azurewebsites.net" X-Forwarded-Proto="https" X-AppService-Proto="https" X-Forwarded-TlsVersion="1.3" X-WAWS-Unencoded-URL="/api/publish?async=true&amp;deployer=GITHUB_ONE_DEPLOY&amp;type=zip&amp;message=%7B%22type%22%3A%22deployment%22%2C%22sha%22%3A%22fe83cb704a291cf4cebe2a2a08ceb2bcb437d43c%22%2C%22repoName%22%3A%22aukendukc%2Fstockspace%22%2C%22actor%22%3A%22aukendukc%22%2C%22slotName%22%3A%22Production%22%2C%22commitMessage%22%3A%22Add%20or%20update%20the%20Azure%20App%20Service%20build%20and%20deployment%20workflow%20config%22%7D" X-Client-IP="64.236.142.225" X-Client-Port="20488" >
  <step title="Cleanup Xml Logs" date="2025-11-17T11:47:06.207" /><!-- duration: 22ms -->
  <step title="OneDeploy" date="2025-11-17T11:47:06.408" >
    <step title="None repository commit" date="2025-11-17T11:47:06.418" >
      <step title="Commit id: 185d2e2d-240b-4fed-941b-d15d0d6f06b6" date="2025-11-17T11:47:06.420" Message="N/A" AuthorName="N/A" AuthorEmail="N/A" /><!-- duration: 2ms -->
    </step><!-- duration: 5ms -->
    <step title="Starting PushDeployAsync" date="2025-11-17T11:47:06.430" /><!-- duration: 2ms -->
    <step title="Writing artifact to /tmp/zipdeploy/ec7b2538-df13-4835-a017-8247baed771b.zip" date="2025-11-17T11:47:06.472" >
      <step title="Writing multipart request body to /tmp/zipdeploy/ec7b2538-df13-4835-a017-8247baed771b.zip" date="2025-11-17T11:47:06.475" /><!-- duration: 4ms -->
    </step><!-- duration: 10450ms -->
    <step title="Start deployment in the background" date="2025-11-17T11:47:16.999" >
      <step title="Acquiring Deployment Lock" date="2025-11-17T11:47:17.172" /><!-- duration: 9ms -->
      <step title="Acquired Deployment Lock" date="2025-11-17T11:47:17.272" /><!-- duration: 8ms -->
    </step><!-- duration: 501ms -->
  </step><!-- duration: 11112ms -->
  <step title="Outgoing response" date="2025-11-17T11:47:17.551" type="response" statusCode="202" statusText="Accepted" /><!-- duration: 10ms -->
</step><!-- duration: 11374ms -->
