﻿<?xml version="1.0" encoding="utf-8"?>
<deployment>
  <id>185d2e2d-240b-4fed-941b-d15d0d6f06b6</id>
  <author>N/A</author>
  <deployer>OneDeploy</deployer>
  <authorEmail>N/A</authorEmail>
  <message>OneDeploy</message>
  <progress></progress>
  <status>Failed</status>
  <statusText>Deployment has been stopped due to SCM container restart. The restart can happen due to a management operation on site. Do not perform a management operation and a deployment operation in quick succession. Adding a small delay can help avoid any conflicts.</statusText>
  <lastSuccessEndTime />
  <receivedTime>2025-11-17T11:48:06.494114Z</receivedTime>
  <startTime>2025-11-17T11:48:07.9020067Z</startTime>
  <endTime>2025-11-17T11:53:06.6481063Z</endTime>
  <complete>True</complete>
  <is_temp>False</is_temp>
  <is_readonly>True</is_readonly>
  <buildSummary />
</deployment>