﻿<?xml version="1.0" encoding="utf-8"?>
<deployment>
  <id>temp-4b87a857</id>
  <author>OneDeploy</author>
  <deployer>OneDeploy</deployer>
  <authorEmail>N/A</authorEmail>
  <message>N/A</message>
  <progress></progress>
  <status>Failed</status>
  <statusText>Deployment has been stopped due to SCM container restart. The restart can happen due to a management operation on site. Do not perform a management operation and a deployment operation in quick succession. Adding a small delay can help avoid any conflicts.</statusText>
  <lastSuccessEndTime />
  <receivedTime>2025-11-17T11:47:17.3598173Z</receivedTime>
  <startTime>2025-11-17T11:47:17.3598173Z</startTime>
  <endTime>2025-11-17T11:53:06.8476202Z</endTime>
  <complete>True</complete>
  <is_temp>True</is_temp>
  <is_readonly>False</is_readonly>
  <buildSummary />
</deployment>