﻿<?xml version="1.0" encoding="utf-8"?>
<deployment>
  <id>54852bb6-b006-49e8-94a9-3454a3e17d50</id>
  <author>ms-azuretools-vscode</author>
  <deployer>ms-azuretools-vscode</deployer>
  <authorEmail>N/A</authorEmail>
  <message>Created via a push deployment</message>
  <progress></progress>
  <status>Failed</status>
  <statusText>Deployment has been stopped due to SCM container restart. The restart can happen due to a management operation on site. Do not perform a management operation and a deployment operation in quick succession. Adding a small delay can help avoid any conflicts.</statusText>
  <lastSuccessEndTime />
  <receivedTime>2025-11-17T17:09:10.5313496Z</receivedTime>
  <startTime>2025-11-17T17:09:12.2716827Z</startTime>
  <endTime>2025-11-17T17:24:11.8616082Z</endTime>
  <complete>True</complete>
  <is_temp>False</is_temp>
  <is_readonly>True</is_readonly>
  <buildSummary />
</deployment>