<step title="BackgroundTrace" date="2025-11-17T17:07:29.343" instance="761a09" url="/api/zipdeploy" method="POST" >
  <step title="Cleanup Xml Logs" date="2025-11-17T17:07:29.374" /><!-- duration: 29ms -->
  <step title="Creating temporary deployment - FetchDeploymentManager" date="2025-11-17T17:07:29.796" /><!-- duration: 10ms -->
  <step title="Creating temporary deployment" date="2025-11-17T17:07:29.815" /><!-- duration: 142ms -->
  <step title="Performing fetch based deployment" date="2025-11-17T17:07:30.045" >
    <step title="Cleaning up temp folders from previous zip deployments and extracting pushed zip file /tmp/zipdeploy/57bb252c-51fc-4837-930f-ac615822fefc.zip (452.67 MB) to /tmp/zipdeploy/extracted" date="2025-11-17T17:07:31.255" >
      <step title="ChmodRecursive Process exited with total time taken in ms: 403" date="2025-11-17T17:09:08.268" /><!-- duration: 9ms -->
    </step><!-- duration: 97043ms -->
    <step title="Deployment timer started" date="2025-11-17T17:09:10.372" >
      <step title="DeploymentManager.Deploy(id:54852bb6-b006-49e8-94a9-3454a3e17d50)" date="2025-11-17T17:09:10.382" >
        <step title="Collecting changeset information" date="2025-11-17T17:09:10.469" /><!-- duration: 470ms -->
        <step title="Updating submodules" date="2025-11-17T17:09:10.947" /><!-- duration: 1131ms -->
        <step title="Determining deployment builder" date="2025-11-17T17:09:12.351" >
          <step title="Builder is OryxBuilder" date="2025-11-17T17:09:12.418" /><!-- duration: 11ms -->
        </step><!-- duration: 88ms -->
        <step title="PreDeployment: context.CleanOutputPath False" date="2025-11-17T17:09:12.517" >
          <step title="PreDeployment: context.OutputPath /home/site/wwwroot" date="2025-11-17T17:09:12.654" >
            <step title="Building" date="2025-11-17T17:09:12.825" >
              <step title="Executing external process" date="2025-11-17T17:09:13.192" type="process" path="bash" arguments="-c &quot;oryx build /tmp/zipdeploy/extracted -o /home/site/wwwroot --platform python --platform-version 3.11 -p virtualenv_name=antenv --log-file /tmp/build-debug.log  -i /tmp/8de25fc07b69b1b --compress-destination-dir | tee /tmp/oryx-build.log ; exit $PIPESTATUS &quot;" >
                <step title="Cpu: rsync(4813,8.020s)+rsync(4812,0.930s)+rsync(4811,8.430s)+build.sh(4807,0.020s)+oryx(4765,16.450s)+tee(4766,0.000s)+bash(4764,0.010s)=total(33.840s)" date="2025-11-17T17:11:37.150" /><!-- duration: 29ms -->
                <step title="bash: no io activity for 61s, prev-cpu=-1.000s, current-cpu=33.840s" date="2025-11-17T17:11:37.261" /><!-- duration: 38ms -->
                <step title="Cpu: rsync(4813,15.050s)+rsync(4812,2.140s)+rsync(4811,15.340s)+build.sh(4807,0.020s)+oryx(4765,16.710s)+tee(4766,0.000s)+bash(4764,0.010s)=total(49.250s)" date="2025-11-17T17:12:38.866" /><!-- duration: 41ms -->
                <step title="bash: no io activity for 123s, prev-cpu=33.840s, current-cpu=49.250s" date="2025-11-17T17:12:39.006" /><!-- duration: 142ms -->
                <step title="Cpu: rsync(4813,23.900s)+rsync(4812,4.180s)+rsync(4811,24.280s)+build.sh(4807,0.020s)+oryx(4765,17.070s)+tee(4766,0.000s)+bash(4764,0.010s)=total(69.460s)" date="2025-11-17T17:13:40.222" /><!-- duration: 21ms -->
                <step title="bash: no io activity for 185s, prev-cpu=49.250s, current-cpu=69.460s" date="2025-11-17T17:13:40.352" /><!-- duration: 59ms -->
